file, author, commits
v1/supplemental_claims/contestable_issues_controller.rb, Scott, 41
v1/higher_level_reviews_controller.rb, Mike, 42
v1/higher_level_reviews_controller.rb, Eric, 2
v1/higher_level_reviews_controller.rb, Trevor, 1
v1/gids/zipcode_rates_controller.rb, Devin, 11
v1/gids/institution_programs_controller.rb, Devin, 15
v1/gids/institutions_controller.rb, Devin, 23
v1/gids/calculator_constants_controller.rb, Devin, 11
v1/gids/yellow_ribbon_programs_controller.rb, Devin, 11
v1/higher_level_reviews/contestable_issues_controller.rb, Mike, 46
v1/apidocs_controller.rb, Lance, 74
v1/apidocs_controller.rb, Mike, 7
v1/apidocs_controller.rb, Scott, 2
v1/supplemental_claims_controller.rb, Kyle, 83
v1/supplemental_claims_controller.rb, Scott, 32
v1/supplemental_claims_controller.rb, Eric, 5
v1/sessions_controller.rb, Eric, 103
v1/sessions_controller.rb, Dan, 90
v1/sessions_controller.rb, Trevor, 57
v1/sessions_controller.rb, John, 41
v1/sessions_controller.rb, Patrick, 32
v1/sessions_controller.rb, Josh, 22
v1/sessions_controller.rb, Bennie, 22
v1/sessions_controller.rb, bosawt, 15
v1/sessions_controller.rb, Johnny, 10
v1/sessions_controller.rb, Riley, 5
v1/sessions_controller.rb, Ben, 4
v1/sessions_controller.rb, esubocz-va, 2
v1/sessions_controller.rb, dependabot[bot], 2
v1/sessions_controller.rb, Travis, 2
v1/sessions_controller.rb, Philip, 2
v1/sessions_controller.rb, Lindsey, 2
v1/notice_of_disagreements_controller.rb, Scott, 40
v1/notice_of_disagreements_controller.rb, Eric, 2
v1/notice_of_disagreements_controller.rb, Trevor, 1
v1/notice_of_disagreements/contestable_issues_controller.rb, Scott, 17
v1/facilities/va_controller.rb, Lance, 50
v1/facilities/va_controller.rb, Philip, 3
application_controller.rb, Kam, 20
application_controller.rb, Alastair, 9
application_controller.rb, Michael, 7
application_controller.rb, Johnny, 7
application_controller.rb, Shauni, 6
application_controller.rb, Aubrey, 4
application_controller.rb, Lindsey, 3
application_controller.rb, Eugene, 2
application_controller.rb, mark, 1
application_controller.rb, lihan, 1
application_controller.rb, dependabot[bot], 1
application_controller.rb, Travis, 1
application_controller.rb, Shane, 1
v0/letters_controller.rb, Alastair, 38
v0/letters_controller.rb, Philip, 4
v0/letters_controller.rb, Travis, 1
v0/letters_controller.rb, Sarah-Jaine, 1
v0/letters_controller.rb, Lindsey, 1
v0/letters_controller.rb, Anna, 1
v0/messages_controller.rb, Marc, 59
v0/messages_controller.rb, Kam, 45
v0/messages_controller.rb, Travis, 2
v0/messages_controller.rb, mphprogrammer, 1
v0/messages_controller.rb, Narin, 1
v0/messages_controller.rb, Johnny, 1
v0/messages_controller.rb, Eric, 1
v0/virtual_agent_token_controller.rb, Shefali, 43
v0/virtual_agent_token_controller.rb, Kha, 14
v0/virtual_agent_token_controller.rb, Jacob, 5
v0/virtual_agent_token_controller.rb, Travis, 1
v0/caregivers_assistance_claims_controller.rb, Kevin, 87
v0/caregivers_assistance_claims_controller.rb, lihan, 8
v0/caregivers_assistance_claims_controller.rb, Trevor, 1
v0/caregivers_assistance_claims_controller.rb, Eric, 1
v0/caregivers_assistance_claims_controller.rb, Daniel, 1
v0/attachments_controller.rb, Kam, 12
v0/documents_controller.rb, Carl, 13
v0/documents_controller.rb, Alastair, 10
v0/documents_controller.rb, austin-martinez, 3
v0/documents_controller.rb, Anna, 3
v0/documents_controller.rb, Travis, 2
v0/documents_controller.rb, lihan, 1
v0/documents_controller.rb, Kam, 1
v0/documents_controller.rb, Aubrey, 1
v0/debt_letters_controller.rb, lihan, 21
v0/debt_letters_controller.rb, Cameron, 4
v0/debt_letters_controller.rb, Scott, 2
v0/ppiu_controller.rb, Silvio, 19
v0/ppiu_controller.rb, Johnny, 16
v0/ppiu_controller.rb, SMLuthi, 15
v0/ppiu_controller.rb, lihan, 2
v0/ppiu_controller.rb, Philip, 2
v0/ppiu_controller.rb, Tom, 1
v0/ppiu_controller.rb, Joe, 1
v0/mhv_opt_in_flags_controller.rb, John, 31
v0/mhv_opt_in_flags_controller.rb, Eric, 3
v0/mhv_opt_in_flags_controller.rb, Oseas, 1
v0/higher_level_reviews_controller.rb, Ed, 20
v0/higher_level_reviews_controller.rb, Cameron, 11
v0/higher_level_reviews_controller.rb, Anna, 5
v0/higher_level_reviews_controller.rb, Riley, 4
v0/higher_level_reviews_controller.rb, Eric, 2
v0/higher_level_reviews_controller.rb, Trevor, 1
v0/apps_controller.rb, Braden, 29
v0/upload_supporting_evidences_controller.rb, Evangeline, 8
v0/prescriptions_controller.rb, Kam, 47
v0/prescriptions_controller.rb, Travis, 1
v0/prescriptions_controller.rb, Johnny, 1
v0/prescriptions_controller.rb, Eric, 1
v0/appointments_controller.rb, Harry, 17
v0/appointments_controller.rb, Philip, 2
v0/medical_copays_controller.rb, Scott, 21
v0/medical_copays_controller.rb, Dillo, 16
v0/medical_copays_controller.rb, Justin, 12
v0/sign_in_controller.rb, Trevor, 298
v0/sign_in_controller.rb, Eric, 45
v0/sign_in_controller.rb, John, 17
v0/sign_in_controller.rb, Daniel, 1
v0/claim_letters_controller.rb, samcoforma, 23
v0/claim_letters_controller.rb, Jerek, 5
v0/claim_letters_controller.rb, Eric, 1
v0/intent_to_files_controller.rb, Silvio, 37
v0/intent_to_files_controller.rb, Eddie, 8
v0/intent_to_files_controller.rb, Aurora, 5
v0/intent_to_files_controller.rb, Alastair, 5
v0/intent_to_files_controller.rb, Philip, 3
v0/intent_to_files_controller.rb, SMLuthi, 1
v0/form1095_bs_controller.rb, stephte, 43
v0/triage_teams_controller.rb, Marc, 13
v0/triage_teams_controller.rb, Kam, 4
v0/triage_teams_controller.rb, Narin, 1
v0/terms_and_conditions_controller.rb, Aubrey, 50
v0/terms_and_conditions_controller.rb, Travis, 4
v0/terms_and_conditions_controller.rb, Kam, 4
v0/terms_and_conditions_controller.rb, Eugene, 2
v0/terms_and_conditions_controller.rb, Trevor, 1
v0/search_click_tracking_controller.rb, Sam, 73
v0/search_click_tracking_controller.rb, Travis, 2
v0/coe_controller.rb, Amanda, 27
v0/coe_controller.rb, Jerek, 22
v0/coe_controller.rb, Kathleen, 18
v0/coe_controller.rb, Kevin, 17
v0/coe_controller.rb, Eugene, 12
v0/coe_controller.rb, Scott, 3
v0/coe_controller.rb, Rob, 2
v0/coe_controller.rb, Eric, 1
v0/contact_us/inquiries_controller.rb, Shefali, 57
v0/contact_us/inquiries_controller.rb, Lindsey, 25
v0/contact_us/inquiries_controller.rb, dependabot[bot], 3
v0/veteran_readiness_employment_claims_controller.rb, Derek, 24
v0/veteran_readiness_employment_claims_controller.rb, Kevin, 8
v0/veteran_readiness_employment_claims_controller.rb, Trevor, 1
v0/decision_review_evidences_controller.rb, Anna, 9
v0/evss_claims_controller.rb, austin-martinez, 17
v0/evss_claims_controller.rb, Alastair, 12
v0/evss_claims_controller.rb, Sarah-Jaine, 8
v0/evss_claims_controller.rb, Johnny, 4
v0/evss_claims_controller.rb, Carl, 4
v0/evss_claims_controller.rb, lihan, 2
v0/evss_claims_controller.rb, Travis, 2
v0/evss_claims_controller.rb, Philip, 1
v0/evss_claims_controller.rb, Kam, 1
v0/dependents_applications_controller.rb, kathleencrawford, 41
v0/dependents_applications_controller.rb, Johnny, 15
v0/dependents_applications_controller.rb, lihan, 5
v0/dependents_applications_controller.rb, Derek, 3
v0/gids/zipcode_rates_controller.rb, Matt, 10
v0/gids/zipcode_rates_controller.rb, Devin, 1
v0/gids/institution_programs_controller.rb, Matt, 13
v0/gids/institution_programs_controller.rb, Devin, 2
v0/gids/institutions_controller.rb, Matt, 19
v0/gids/institutions_controller.rb, Devin, 4
v0/gids/calculator_constants_controller.rb, Matt, 10
v0/gids/calculator_constants_controller.rb, Devin, 1
v0/gids/yellow_ribbon_programs_controller.rb, Kelson, 10
v0/gids/yellow_ribbon_programs_controller.rb, Devin, 1
v0/preneeds/preneed_attachments_controller.rb, Lihan, 7
v0/preneeds/preneed_attachments_controller.rb, lihan, 3
v0/preneeds/preneed_attachments_controller.rb, Kam, 1
v0/preneeds/preneed_attachments_controller.rb, Anna, 1
v0/preneeds/burial_forms_controller.rb, Andrew, 32
v0/preneeds/burial_forms_controller.rb, mphprogrammer, 14
v0/preneeds/burial_forms_controller.rb, lihan, 10
v0/preneeds/burial_forms_controller.rb, Marc, 9
v0/preneeds/burial_forms_controller.rb, marc, 8
v0/preneeds/burial_forms_controller.rb, Lihan, 2
v0/preneeds/burial_forms_controller.rb, Johnny, 2
v0/preneeds/burial_forms_controller.rb, Kam, 1
v0/preneeds/cemeteries_controller.rb, Marc, 14
v0/higher_level_reviews/contestable_issues_controller.rb, Ed, 20
v0/feature_toggles_controller.rb, John, 29
v0/feature_toggles_controller.rb, Anna, 21
v0/feature_toggles_controller.rb, Lindsey, 6
v0/feature_toggles_controller.rb, Johnny, 1
v0/feature_toggles_controller.rb, Eric, 1
v0/claim_documents_controller.rb, Mark, 26
v0/claim_documents_controller.rb, Amanda, 4
v0/claim_documents_controller.rb, kathleencrawford, 3
v0/claim_documents_controller.rb, Anna, 2
v0/claim_documents_controller.rb, lihan, 1
v0/claim_documents_controller.rb, Travis, 1
v0/claim_documents_controller.rb, Kam, 1
v0/claim_documents_controller.rb, Eric, 1
v0/example_controller.rb, Shauni, 12
v0/example_controller.rb, Kam, 4
v0/example_controller.rb, James, 3
v0/example_controller.rb, Lindsey, 2
v0/example_controller.rb, Jeremy, 1
v0/messaging_preferences_controller.rb, patrickvinograd, 16
v0/messaging_preferences_controller.rb, Kam, 3
v0/messaging_preferences_controller.rb, Keifer, 1
v0/education_career_counseling_claims_controller.rb, Derek, 26
v0/education_career_counseling_claims_controller.rb, Andrew, 1
v0/disability_compensation_forms_controller.rb, Evangeline, 31
v0/disability_compensation_forms_controller.rb, Alastair, 22
v0/disability_compensation_forms_controller.rb, Abhijit, 14
v0/disability_compensation_forms_controller.rb, SMLuthi, 11
v0/disability_compensation_forms_controller.rb, lihan, 8
v0/disability_compensation_forms_controller.rb, kathleencrawford, 7
v0/disability_compensation_forms_controller.rb, Aurora, 7
v0/disability_compensation_forms_controller.rb, Philip, 6
v0/disability_compensation_forms_controller.rb, Anna, 5
v0/disability_compensation_forms_controller.rb, Seth, 4
v0/disability_compensation_forms_controller.rb, Ed, 2
v0/disability_compensation_forms_controller.rb, Trevor, 1
v0/disability_compensation_forms_controller.rb, Travis, 1
v0/disability_compensation_forms_controller.rb, John, 1
v0/id_card_attributes_controller.rb, patrickvinograd, 24
v0/id_card_attributes_controller.rb, lihan, 17
v0/id_card_attributes_controller.rb, Riley, 5
v0/id_card_attributes_controller.rb, Kam, 2
v0/id_card_attributes_controller.rb, Travis, 1
v0/id_card_attributes_controller.rb, Bill, 1
v0/hca_attachments_controller.rb, lihan, 7
v0/hca_attachments_controller.rb, Philip, 2
v0/hca_attachments_controller.rb, Anna, 2
v0/financial_status_reports_controller.rb, Cameron, 105
v0/financial_status_reports_controller.rb, Travis, 20
v0/financial_status_reports_controller.rb, Scott, 9
v0/financial_status_reports_controller.rb, Kevin, 9
v0/financial_status_reports_controller.rb, dependabot[bot], 5
v0/financial_status_reports_controller.rb, Dillo, 5
v0/financial_status_reports_controller.rb, Eric, 1
v0/maintenance_windows_controller.rb, Wyatt, 13
v0/maintenance_windows_controller.rb, Kam, 1
v0/apidocs_controller.rb, patrickvinograd, 52
v0/apidocs_controller.rb, Aubrey, 46
v0/apidocs_controller.rb, Harry, 32
v0/apidocs_controller.rb, marc, 22
v0/apidocs_controller.rb, lihan, 14
v0/apidocs_controller.rb, Anna, 13
v0/apidocs_controller.rb, SMLuthi, 11
v0/apidocs_controller.rb, Silvio, 7
v0/apidocs_controller.rb, Ryan, 7
v0/apidocs_controller.rb, Derek, 6
v0/apidocs_controller.rb, Cameron, 6
v0/apidocs_controller.rb, Shefali, 5
v0/apidocs_controller.rb, Dillo, 5
v0/apidocs_controller.rb, kathleencrawford, 3
v0/apidocs_controller.rb, hpjaj, 3
v0/apidocs_controller.rb, Sarah-Jaine, 3
v0/apidocs_controller.rb, Keifer, 3
v0/apidocs_controller.rb, Devin, 3
v0/apidocs_controller.rb, Tom, 2
v0/apidocs_controller.rb, Sam, 2
v0/apidocs_controller.rb, Philip, 2
v0/apidocs_controller.rb, Nick, 2
v0/apidocs_controller.rb, Michael, 2
v0/apidocs_controller.rb, Mark, 2
v0/apidocs_controller.rb, Kevin, 2
v0/apidocs_controller.rb, Kelson, 2
v0/apidocs_controller.rb, John, 2
v0/apidocs_controller.rb, Evangeline, 2
v0/apidocs_controller.rb, stephte, 1
v0/apidocs_controller.rb, Lindsey, 1
v0/apidocs_controller.rb, Kyle, 1
v0/apidocs_controller.rb, Kam, 1
v0/apidocs_controller.rb, Eugene, 1
v0/apidocs_controller.rb, Claire, 1
v0/apidocs_controller.rb, Bill, 1
v0/apidocs_controller.rb, Alex, 1
v0/burial_claims_controller.rb, Ben, 17
v0/burial_claims_controller.rb, Mark, 12
v0/burial_claims_controller.rb, Philip, 2
v0/burial_claims_controller.rb, Sarah-Jaine, 1
v0/burial_claims_controller.rb, Kam, 1
v0/health_care_applications_controller.rb, lihan, 58
v0/health_care_applications_controller.rb, mark, 10
v0/health_care_applications_controller.rb, Rachal, 8
v0/health_care_applications_controller.rb, Mark, 6
v0/health_care_applications_controller.rb, Philip, 2
v0/health_care_applications_controller.rb, Trevor, 1
v0/health_care_applications_controller.rb, Kam, 1
v0/health_care_applications_controller.rb, Johnny, 1
v0/disability_compensation_in_progress_forms_controller.rb, Anna, 50
v0/disability_compensation_in_progress_forms_controller.rb, Seth, 5
v0/disability_compensation_in_progress_forms_controller.rb, Eric, 2
v0/disability_compensation_in_progress_forms_controller.rb, Travis, 1
v0/debts_controller.rb, Cameron, 16
v0/debts_controller.rb, Scott, 10
v0/debts_controller.rb, Dillo, 2
v0/debts_controller.rb, Philip, 1
v0/dependents_verifications_controller.rb, Derek, 21
v0/dependents_verifications_controller.rb, kathleencrawford, 20
v0/mdot/supplies_controller.rb, lihan, 25
v0/mdot/supplies_controller.rb, Cameron, 15
v0/benefits_reference_data_controller.rb, Kyle, 19
v0/users_controller.rb, Kam, 8
v0/users_controller.rb, Harry, 7
v0/users_controller.rb, Eric, 1
v0/message_drafts_controller.rb, Marc, 40
v0/message_drafts_controller.rb, Kam, 1
v0/benefits_claims_controller.rb, Jerek, 25
v0/folders_controller.rb, Kam, 28
v0/folders_controller.rb, Marc, 18
v0/folders_controller.rb, Narin, 1
v0/folders_controller.rb, Eric, 1
v0/user_transition_availabilities_controller.rb, Melissa, 12
v0/pension_claims_controller.rb, Mark, 12
v0/pension_claims_controller.rb, Kam, 1
v0/search_controller.rb, Harry, 36
v0/search_controller.rb, Keifer, 12
v0/search_controller.rb, Philip, 2
v0/profile/payment_history_controller.rb, Derek, 14
v0/profile/payment_history_controller.rb, Alastair, 12
v0/profile/payment_history_controller.rb, Trevor, 1
v0/profile/valid_va_file_numbers_controller.rb, Derek, 22
v0/profile/valid_va_file_numbers_controller.rb, Trevor, 2
v0/profile/valid_va_file_numbers_controller.rb, Philip, 2
v0/profile/full_names_controller.rb, hpjaj, 31
v0/profile/preferred_names_controller.rb, Tom, 34
v0/profile/direct_deposits/disability_compensations_controller.rb, Tom, 68
v0/profile/ch33_bank_accounts_controller.rb, lihan, 41
v0/profile/ch33_bank_accounts_controller.rb, Trevor, 2
v0/profile/ch33_bank_accounts_controller.rb, Joe, 2
v0/profile/ch33_bank_accounts_controller.rb, Tom, 1
v0/profile/ch33_bank_accounts_controller.rb, Anna, 1
v0/profile/connected_applications_controller.rb, Alex, 41
v0/profile/permissions_controller.rb, Michael, 45
v0/profile/permissions_controller.rb, lihan, 9
v0/profile/permissions_controller.rb, Joe, 3
v0/profile/personal_informations_controller.rb, hpjaj, 38
v0/profile/personal_informations_controller.rb, Tom, 14
v0/profile/personal_informations_controller.rb, John, 4
v0/profile/personal_informations_controller.rb, Lindsey, 2
v0/profile/personal_informations_controller.rb, Eric, 2
v0/profile/email_addresses_controller.rb, hpjaj, 26
v0/profile/email_addresses_controller.rb, emersonthis, 15
v0/profile/email_addresses_controller.rb, lihan, 9
v0/profile/email_addresses_controller.rb, Joe, 3
v0/profile/email_addresses_controller.rb, Anna, 2
v0/profile/email_addresses_controller.rb, Ryan, 1
v0/profile/gender_identities_controller.rb, Tom, 35
v0/profile/emails_controller.rb, Harry, 21
v0/profile/emails_controller.rb, hpjaj, 18
v0/profile/emails_controller.rb, Philip, 3
v0/profile/emails_controller.rb, Joe, 1
v0/profile/primary_phones_controller.rb, hpjaj, 38
v0/profile/primary_phones_controller.rb, Philip, 2
v0/profile/primary_phones_controller.rb, Joe, 1
v0/profile/primary_phones_controller.rb, Harry, 1
v0/profile/transactions_controller.rb, emersonthis, 25
v0/profile/transactions_controller.rb, Ryan, 4
v0/profile/transactions_controller.rb, lihan, 3
v0/profile/transactions_controller.rb, hpjaj, 2
v0/profile/transactions_controller.rb, Philip, 1
v0/profile/addresses_controller.rb, hpjaj, 39
v0/profile/addresses_controller.rb, emersonthis, 16
v0/profile/addresses_controller.rb, lihan, 9
v0/profile/addresses_controller.rb, Joe, 3
v0/profile/addresses_controller.rb, Anna, 2
v0/profile/addresses_controller.rb, Ryan, 1
v0/profile/alternate_phones_controller.rb, hpjaj, 38
v0/profile/alternate_phones_controller.rb, Philip, 4
v0/profile/alternate_phones_controller.rb, Joe, 1
v0/profile/alternate_phones_controller.rb, Harry, 1
v0/profile/telephones_controller.rb, hpjaj, 35
v0/profile/telephones_controller.rb, emersonthis, 15
v0/profile/telephones_controller.rb, lihan, 9
v0/profile/telephones_controller.rb, Joe, 3
v0/profile/telephones_controller.rb, Anna, 2
v0/profile/telephones_controller.rb, Ryan, 1
v0/profile/address_validation_controller.rb, lihan, 39
v0/profile/address_validation_controller.rb, Joe, 2
v0/profile/address_validation_controller.rb, Philip, 1
v0/profile/service_histories_controller.rb, hpjaj, 38
v0/profile/service_histories_controller.rb, Tom, 32
v0/profile/service_histories_controller.rb, Harry, 10
v0/profile/service_histories_controller.rb, emersonthis, 2
v0/profile/service_histories_controller.rb, Philip, 2
v0/profile/service_histories_controller.rb, Eric, 1
v0/profile/persons_controller.rb, hpjaj, 23
v0/profile/persons_controller.rb, lihan, 3
v0/profile/persons_controller.rb, Lindsey, 2
v0/profile/persons_controller.rb, Philip, 1
v0/profile/persons_controller.rb, John, 1
v0/profile/communication_preferences_controller.rb, lihan, 53
v0/profile/communication_preferences_controller.rb, Joe, 4
v0/health_records_controller.rb, Kam, 26
v0/health_records_controller.rb, Keifer, 2
v0/letters_generator_controller.rb, samcoforma, 55
v0/evss_benefits_claims_controller.rb, Jerek, 37
v0/admin_controller.rb, Shauni, 9
v0/admin_controller.rb, Kam, 4
v0/admin_controller.rb, Lindsey, 2
v0/form1010cg/attachments_controller.rb, Kevin, 13
v0/health_record_contents_controller.rb, patrickvinograd, 23
v0/health_record_contents_controller.rb, Kam, 2
v0/efolder_controller.rb, Cameron, 23
v0/efolder_controller.rb, Philip, 2
v0/trackings_controller.rb, Kam, 20
v0/trackings_controller.rb, Eric, 1
v0/search_typeahead_controller.rb, Sam, 36
v0/backend_statuses_controller.rb, Bill, 23
v0/backend_statuses_controller.rb, Johnny, 9
v0/backend_statuses_controller.rb, Harry, 6
v0/backend_statuses_controller.rb, Anna, 3
v0/backend_statuses_controller.rb, Philip, 2
v0/backend_statuses_controller.rb, bosawt, 1
v0/backend_statuses_controller.rb, Travis, 1
v0/virtual_agent/virtual_agent_appeal_controller.rb, justin-trieu, 104
v0/virtual_agent/virtual_agent_appeal_controller.rb, Kha, 32
v0/virtual_agent/virtual_agent_appeal_controller.rb, Jacob, 32
v0/virtual_agent/virtual_agent_appeal_controller.rb, Karan, 20
v0/virtual_agent/virtual_agent_appeal_controller.rb, Joseph, 7
v0/virtual_agent/virtual_agent_appeal_controller.rb, Eric, 1
v0/virtual_agent/virtual_agent_claim_controller.rb, Kha, 71
v0/virtual_agent/virtual_agent_claim_controller.rb, Joseph, 17
v0/virtual_agent/virtual_agent_claim_controller.rb, Jacob, 14
v0/virtual_agent/virtual_agent_claim_controller.rb, helene-mccarron, 13
v0/virtual_agent/virtual_agent_claim_controller.rb, Eric, 4
v0/virtual_agent/virtual_agent_claim_controller.rb, aaronyoung-tw, 2
v0/virtual_agent/virtual_agent_claim_controller.rb, justin-trieu, 1
v0/virtual_agent/virtual_agent_claim_controller.rb, Trevor, 1
v0/virtual_agent/report_to_cxdw.rb, Kha, 48
v0/virtual_agent/report_to_cxdw.rb, helene-mccarron, 21
v0/evss_claims_async_controller.rb, Johnny, 30
v0/evss_claims_async_controller.rb, Sarah-Jaine, 5
v0/evss_claims_async_controller.rb, Travis, 1
v0/addresses_controller.rb, Alastair, 38
v0/addresses_controller.rb, Keifer, 8
v0/addresses_controller.rb, Bill, 7
v0/addresses_controller.rb, Philip, 5
v0/addresses_controller.rb, Harry, 2
v0/addresses_controller.rb, Travis, 1
v0/addresses_controller.rb, Kam, 1
v0/in_progress_forms_controller.rb, Ed, 28
v0/in_progress_forms_controller.rb, Alastair, 10
v0/in_progress_forms_controller.rb, Mark, 6
v0/in_progress_forms_controller.rb, Anna, 5
v0/in_progress_forms_controller.rb, lihan, 3
v0/in_progress_forms_controller.rb, Trevor, 3
v0/in_progress_forms_controller.rb, Travis, 1
v0/in_progress_forms_controller.rb, Kam, 1
v0/in_progress_forms_controller.rb, Eric, 1
v0/notice_of_disagreements_controller.rb, Ed, 34
v0/notice_of_disagreements_controller.rb, Eric, 2
v0/onsite_notifications_controller.rb, lihan, 59
v0/onsite_notifications_controller.rb, Tom, 9
v0/onsite_notifications_controller.rb, Eric, 1
v0/gi_bill_feedbacks_controller.rb, lihan, 29
v0/gi_bill_feedbacks_controller.rb, Trevor, 1
v0/prescription_preferences_controller.rb, patrickvinograd, 13
v0/prescription_preferences_controller.rb, Kam, 3
v0/prescription_preferences_controller.rb, Keifer, 1
v0/notice_of_disagreements/contestable_issues_controller.rb, Ed, 16
v0/appeals_controller.rb, Aubrey, 5
v0/appeals_controller.rb, Cameron, 4
v0/appeals_controller.rb, Kam, 1
v0/forms_controller.rb, Nick, 15
v0/forms_controller.rb, Philip, 2
v0/post911_gi_bill_statuses_controller.rb, Alastair, 44
v0/post911_gi_bill_statuses_controller.rb, Bill, 42
v0/post911_gi_bill_statuses_controller.rb, Philip, 3
v0/post911_gi_bill_statuses_controller.rb, Trevor, 2
v0/post911_gi_bill_statuses_controller.rb, Eric, 2
v0/post911_gi_bill_statuses_controller.rb, Kam, 1
v0/mpi_users_controller.rb, Sarah-Jaine, 25
v0/mpi_users_controller.rb, Philip, 4
v0/mpi_users_controller.rb, Trevor, 2
v0/mpi_users_controller.rb, Lindsey, 1
v0/mpi_users_controller.rb, Anna, 1
v0/education_benefits_claims_controller.rb, lihan, 26
v0/education_benefits_claims_controller.rb, Devin, 14
v0/education_benefits_claims_controller.rb, Mark, 7
v0/education_benefits_claims_controller.rb, Matt, 2
v0/education_benefits_claims_controller.rb, Trevor, 1
v0/education_benefits_claims_controller.rb, Kam, 1
v0/id_card_announcement_subscription_controller.rb, James, 22
v0/id_card_announcement_subscription_controller.rb, Kam, 1
openid_application_controller.rb, dbrown-va, 228
openid_application_controller.rb, patrickvinograd, 46
openid_application_controller.rb, esubocz-va, 31
openid_application_controller.rb, lukemarkwordtlibertyits, 15
openid_application_controller.rb, Travis, 7
openid_application_controller.rb, Eric, 6
openid_application_controller.rb, Philip, 2
openid_application_controller.rb, Johnny, 2
openid_application_controller.rb, Drew, 2
openid_application_controller.rb, Katherine, 1
openid_application_controller.rb, Alex, 1
sign_in/application_controller.rb, Trevor, 24
facilities_controller.rb, Lance, 90
facilities_controller.rb, patrickvinograd, 14
facilities_controller.rb, Travis, 1
facilities_controller.rb, Eric, 1
inherited_proofing_controller.rb, John, 66
inherited_proofing_controller.rb, Trevor, 16
inherited_proofing_controller.rb, Eric, 4
appeals_base_controller_v1.rb, Mike, 43
appeals_base_controller_v1.rb, Travis, 2
claims_base_controller.rb, Mark, 38
claims_base_controller.rb, lihan, 7
claims_base_controller.rb, Philip, 3
claims_base_controller.rb, Trevor, 1
preneeds_controller.rb, Marc, 12
preneeds_controller.rb, Kam, 1
gids_controller.rb, Kam, 12
gids_controller.rb, Matt, 3
bb_controller.rb, Kam, 22
sm_controller.rb, Kam, 17
sm_controller.rb, Aubrey, 5
sm_controller.rb, Narin, 4
appeals_base_controller.rb, Ed, 28
appeals_base_controller.rb, Cameron, 15
appeals_base_controller.rb, Philip, 3
appeals_base_controller.rb, Travis, 2
appeals_base_controller.rb, Michael, 1
concerns/ignore_not_found.rb, lihan, 6
concerns/ignore_not_found.rb, Kam, 1
concerns/headers.rb, Alastair, 18
concerns/failed_request_loggable.rb, Ed, 47
concerns/failed_request_loggable.rb, Riley, 9
concerns/failed_request_loggable.rb, Eric, 1
concerns/sign_in/authentication.rb, Trevor, 51
concerns/sign_in/authentication.rb, John, 27
concerns/sign_in/authentication.rb, Eric, 2
concerns/sign_in/instrumentation.rb, Trevor, 14
concerns/sign_in/instrumentation.rb, Kris, 5
concerns/evss/authorizeable.rb, hpjaj, 33
concerns/vet360/transactionable.rb, hpjaj, 23
concerns/vet360/transactionable.rb, lihan, 3
concerns/vet360/transactionable.rb, Philip, 2
concerns/vet360/writeable.rb, hpjaj, 43
concerns/vet360/writeable.rb, lihan, 19
concerns/vet360/writeable.rb, emersonthis, 5
concerns/vet360/writeable.rb, Ryan, 3
concerns/vet360/writeable.rb, Philip, 2
concerns/form_attachment_create.rb, lihan, 13
concerns/form_attachment_create.rb, Anna, 7
concerns/sentry_controller_logging.rb, Alastair, 38
concerns/sentry_controller_logging.rb, Anna, 5
concerns/sentry_controller_logging.rb, Eric, 1
concerns/accountable.rb, Josh, 28
concerns/accountable.rb, Harry, 13
concerns/accountable.rb, Trevor, 10
concerns/accountable.rb, lihan, 3
concerns/accountable.rb, John, 2
concerns/mhv_controller_concerns.rb, Kam, 17
concerns/exception_handling.rb, Alastair, 66
concerns/exception_handling.rb, Kam, 10
concerns/exception_handling.rb, Lee, 8
concerns/exception_handling.rb, dbrown-va, 3
concerns/exception_handling.rb, Andrew, 2
concerns/exception_handling.rb, Lindsey, 1
concerns/filterable.rb, Kam, 16
concerns/filterable.rb, Marc, 13
concerns/filterable.rb, Johnny, 3
concerns/filterable.rb, Travis, 1
concerns/filterable.rb, Keifer, 1
concerns/instrumentation.rb, Alastair, 11
concerns/instrumentation.rb, Trevor, 6
concerns/authentication_and_sso_concerns.rb, Kam, 55
concerns/authentication_and_sso_concerns.rb, John, 31
concerns/authentication_and_sso_concerns.rb, Trevor, 27
concerns/authentication_and_sso_concerns.rb, Eric, 11
concerns/authentication_and_sso_concerns.rb, Eugene, 5
concerns/authentication_and_sso_concerns.rb, Johnny, 4
concerns/authentication_and_sso_concerns.rb, tynyttie, 1
concerns/authentication_and_sso_concerns.rb, Travis, 1
concerns/authentication_and_sso_concerns.rb, Lindsey, 1
concerns/authentication_and_sso_concerns.rb, Holden, 1
rx_controller.rb, Kam, 22
